[
  {
    "name": "#System",
    "published": false,
    "id": "0"
  },
  {
    "name": "Owner",
    "published": false,
    "id": "1"
  },
  {
    "name": "Celestial",
    "published": true,
    "id": "2"
  },
  {
    "name": "Station",
    "published": false,
    "id": "3"
  },
  {
    "iconID": 22,
    "name": "Material",
    "published": true,
    "id": "4"
  },
  {
    "iconID": 33,
    "name": "Accessories",
    "published": true,
    "id": "5"
  },
  {
    "name": "Ship",
    "published": true,
    "id": "6"
  },
  {
    "iconID": 67,
    "name": "Module",
    "published": true,
    "id": "7"
  },
  {
    "name": "Charge",
    "published": true,
    "id": "8"
  },
  {
    "iconID": 21,
    "name": "Blueprint",
    "published": true,
    "id": "9"
  },
  {
    "name": "Trading",
    "published": false,
    "id": "10"
  },
  {
    "name": "Entity",
    "published": false,
    "id": "11"
  },
  {
    "iconID": 0,
    "name": "Bonus",
    "published": false,
    "id": "14"
  },
  {
    "iconID": 33,
    "name": "Skill",
    "published": true,
    "id": "16"
  },
  {
    "iconID": 0,
    "name": "Commodity",
    "published": true,
    "id": "17"
  },
  {
    "iconID": 0,
    "name": "Drone",
    "published": true,
    "id": "18"
  },
  {
    "iconID": 0,
    "name": "Implant",
    "published": true,
    "id": "20"
  },
  {
    "iconID": 0,
    "name": "Deployable",
    "published": true,
    "id": "22"
  },
  {
    "iconID": 0,
    "name": "Starbase",
    "published": true,
    "id": "23"
  },
  {
    "iconID": 0,
    "name": "Reaction",
    "published": true,
    "id": "24"
  },
  {
    "name": "Asteroid",
    "published": true,
    "id": "25"
  },
  {
    "name": "WorldSpace",
    "published": false,
    "id": "26"
  },
  {
    "name": "Abstract",
    "published": false,
    "id": "29"
  },
  {
    "name": "Apparel",
    "published": true,
    "id": "30"
  },
  {
    "name": "Subsystem",
    "published": true,
    "id": "32"
  },
  {
    "name": "Ancient Relics",
    "published": true,
    "id": "34"
  },
  {
    "name": "Decryptors",
    "published": true,
    "id": "35"
  },
  {
    "name": "Infrastructure Upgrades",
    "published": true,
    "id": "39"
  },
  {
    "name": "Sovereignty Structures",
    "published": true,
    "id": "40"
  },
  {
    "name": "Planetary Interaction",
    "published": true,
    "id": "41"
  },
  {
    "name": "Planetary Resources",
    "published": true,
    "id": "42"
  },
  {
    "name": "Planetary Commodities",
    "published": true,
    "id": "43"
  },
  {
    "name": "Orbitals",
    "published": true,
    "id": "46"
  },
  {
    "name": "Placeables",
    "published": false,
    "id": "49"
  },
  {
    "name": "Effects",
    "published": false,
    "id": "53"
  },
  {
    "name": "Lights",
    "published": false,
    "id": "54"
  },
  {
    "name": "Cells",
    "published": false,
    "id": "59"
  },
  {
    "name": "Special Edition Assets",
    "published": true,
    "id": "63"
  },
  {
    "name": "Structure",
    "published": true,
    "id": "65"
  },
  {
    "name": "Structure Module",
    "published": true,
    "id": "66"
  },
  {
    "name": "Fighter",
    "published": true,
    "id": "87"
  },
  {
    "name": "Infantry",
    "published": false,
    "id": "350001"
  }
]